#{"t_start": 1752147323.3922827, "env_id": "None"}
r,l,t
-51.348602,33,4.019635
-166.07619,34,4.056434
-375.664,43,4.387013
-506.34067,43,4.38712
-444.98032,61,5.086167
-588.0327,64,5.201478
-251.26877,37,5.451421
-122.28587,34,5.664229
-168.8325,35,5.70182
-611.2899,80,5.773726
-62.76866,33,6.277166
117.259186,33,6.386247
-1546.6687,100,6.496913
-324.69916,100,6.497284
359.02167,100,6.497523
-201.7168,36,7.117852
-213.09152,38,7.118409
-158.27881,36,7.672171
-203.54399,34,7.710076
33.856674,33,7.787698
-807.52106,100,7.788059
-737.08124,63,7.827298
-178.82413,36,8.521011
-116.5711,36,8.521573
32.885918,33,9.068171
-267.31244,39,9.223891
350.3131,100,9.493494
-506.8416,52,9.867877
-317.14362,44,10.292909
375.6254,100,10.50124
479.06558,100,10.501581
-216.64618,50,10.572369
-332.9801,74,10.740144
-288.03687,38,10.773178
-41.445538,38,11.041088
-70.701614,33,11.180615
-1196.9626,100,11.572589
-407.7944,38,11.712862
-61.601032,36,11.783165
48.16117,35,11.819921
100.315414,33,12.463591
-92.73552,54,12.814914
-793.87,100,13.022525
53.36007,34,13.10078
-489.95242,75,13.355505
-165.29024,46,13.391164
-266.69604,33,13.7275
-488.5014,57,14.013941
44.26133,35,14.128811
-558.02765,66,14.391331
802.7356,100,14.591154
-127.933586,34,14.673359
15.3032875,36,14.720973
-324.29337,100,14.874955
-640.117,48,14.91056
68.80756,35,15.076927
-298.28638,39,15.491308
-145.08496,33,15.582682
10.476479,33,15.915115
-5.4435806,36,15.95931
-200.94188,35,16.048593
208.31982,83,16.210725
-436.48788,64,16.625799
-241.41025,37,17.032141
-201.27878,54,17.032467
18.058754,36,17.400024
-95.06111,36,17.436587
1.301712,36,17.611091
-66.39795,33,17.906544
-512.818,59,17.982911
53.739784,36,18.370262
-137.34694,34,18.757415
-578.5414,100,18.827981
-290.3274,38,18.870561
-529.7947,100,18.975981
-468.88348,56,19.159814
-283.54254,36,19.311802
-239.85115,36,19.380083
14.908138,35,19.699987
745.54236,100,19.910326
-158.3963,35,20.126318
-101.89003,33,20.489214
-256.92163,38,20.839552
-83.13994,33,21.016039
-437.9549,52,21.203982
-540.15735,66,21.490737
-719.3574,100,21.662815
-217.39384,41,21.780306
-147.37509,33,22.608372
-72.10881,92,22.831244
-55.146683,100,22.910969
-238.86383,49,23.078827
-8.957844,33,23.159123
-101.57839,33,23.903409
-464.33902,66,24.060384
7.3334656,33,24.138135
-123.661285,100,24.401665
-202.14684,34,24.472111
-615.9147,93,24.506865
-204.06996,38,24.542642
-155.27724,79,24.809576
-200.70251,36,25.206569
637.7573,100,25.490944
-165.48196,38,25.527859
-157.63788,34,25.710666
-297.52646,37,25.745795
-176.98544,38,25.918977
42.99672,33,26.023386
-70.637146,37,26.648297
844.0083,100,26.744285
-1.8570843,33,26.838536
-107.40848,33,27.103965
-33.12659,33,27.16328
21.146767,42,27.270701
-895.215,100,28.08863
-245.75879,51,28.286211
-314.10886,38,28.361321
-249.37045,36,28.361569
-137.2479,33,28.50969
-480.57745,100,28.548318
-104.33027,37,28.765551
-413.29984,50,28.940361
-583.4606,78,29.153212
-152.94603,33,29.551292
-182.2206,35,29.639654
28.857353,36,29.830595
-131.74669,34,30.205804
-128.33786,34,30.426334
-489.14896,59,30.453567
-524.04364,100,31.006183
-516.6971,72,31.189911
-111.172195,37,31.190275
-188.47176,35,31.493401
-152.3255,33,31.703839
771.65875,100,31.820215
-211.8812,61,31.935029
-595.16565,92,32.215206
-33.225666,33,32.310637
-431.8923,52,32.443657
-60.896496,33,32.538868
-341.56235,42,32.844683
-90.67866,33,33.183499
187.91623,100,33.32377
53.951263,33,33.432091
-287.36053,37,33.650178
-32.287636,33,34.057998
-490.1215,65,34.266846
-199.95184,35,34.614554
-466.83203,85,34.687446
-498.5242,62,34.756861
-124.4548,33,34.868694
25.115398,33,35.241363
-464.59268,100,35.421957
70.079025,33,35.45583
-635.2668,83,35.456151
-347.82272,75,35.888817
-258.1124,47,36.367927
-196.05292,34,36.684075
-246.55249,36,36.772599
-482.64432,55,36.890497
375.2964,100,37.211473
-85.29129,37,37.475808
130.33102,33,38.500352
-452.28485,76,38.767996
-31.069504,100,38.849155
364.78687,100,39.012163
-69.355835,49,39.090662
-288.80176,54,39.467075
-222.06036,100,39.504652
-134.87686,34,40.059236
-98.794426,33,40.097281
732.0989,100,40.894806
-378.11026,46,41.057787
-303.97516,38,41.155086
-363.6205,46,41.543342
-425.254,100,41.754313
980.68494,100,41.989846
-721.0855,85,42.172154
-91.47772,33,42.340509
-129.04128,33,42.508296
-339.72906,47,42.917538
-208.01093,37,42.951922
647.4733,100,43.152373
-545.71594,76,43.300342
14.177036,33,43.365881
-333.28943,43,43.399159
-508.25882,86,43.72549
-169.66934,34,44.199563
-278.2564,39,44.399574
-205.28862,36,44.433643
-193.70654,70,44.534749
-51.58306,33,44.56858
-480.31024,65,44.669208
81.96942,33,44.837976
-307.38217,44,44.905142
-440.95657,52,45.105401
-862.2009,88,45.598313
-219.87288,37,45.663427
45.147438,36,45.761252
-137.10435,33,45.935668
-58.8568,33,46.002179
-177.83963,36,46.317573
-107.30519,33,46.727577
-107.609344,35,46.864597
-203.91449,38,47.073663
-195.62915,35,47.144284
-827.5799,92,47.320562
-148.0788,34,47.485621
516.0759,100,47.851279
-420.47232,100,47.987972
-131.08047,33,48.052903
725.7217,100,48.120669
-9.611761,36,48.597384
-281.7366,44,48.695063
-10.678898,64,48.970881
-170.06543,34,49.004446
-333.7072,49,49.216468
-280.98755,42,49.423765
-251.99806,39,49.457544
523.55817,100,49.49085
-408.10205,50,49.767171
-217.25002,37,50.290016
64.00493,49,50.399381
418.90784,100,50.574853
-354.45178,48,50.65762
-145.21344,33,50.957026
-356.55557,45,51.070766
186.91605,66,51.593795
-71.518005,33,51.63525
-883.85657,87,51.709034
-207.03374,34,51.85256
-142.52414,34,51.927019
-469.64294,77,52.216744
-204.34967,35,52.254345
-139.16972,33,52.777189
96.20247,33,52.8765
-75.99549,33,53.013061
84.44522,100,53.085261
-357.5507,44,53.194995
-208.9498,35,53.441639
-281.73212,44,53.475958
-200.2275,38,53.567984
390.13104,100,53.812332
347.46216,100,54.605651
68.36053,36,54.712409
-294.8594,38,54.904041
-338.10535,49,54.904407
-412.8667,58,55.055268
-365.90228,53,55.325259
-442.9321,73,55.363163
-631.0062,79,55.711658
-189.68414,38,56.046107
-104.23384,33,56.309931
-379.59613,44,56.385223
295.3618,100,56.737632
-515.81445,77,56.738007
-15.961249,33,56.976502
-287.9049,46,57.127148
-393.9866,64,57.35927
-44.839256,37,58.147883
-80.55891,33,58.228271
433.63898,100,58.748571
-431.70642,54,58.829817
-495.83722,96,59.003235
103.254944,71,59.113725
-787.75543,81,59.396741
476.19476,100,59.945287
-229.29414,37,60.604358
-252.07149,40,60.604855
32.557007,88,60.794118
856.5645,100,61.00825
-341.55264,41,61.042322
-224.8656,100,61.969036
-175.78003,35,62.038604
-119.729,100,62.038937
-111.552986,33,62.181037
-290.2139,38,62.393385
815.4507,100,62.508317
832.873,100,62.578206
-99.68705,33,63.417447
-279.27264,41,63.583098
538.1003,100,63.699167
-856.8207,83,63.699496
-127.06559,34,63.893115
-90.77234,33,63.945141
-300.8004,100,64.351046
53.957245,33,64.689225
-573.3481,73,64.716649
80.70706,33,64.880724
-390.7873,79,64.996119
-355.62906,48,65.331141
34.324158,42,65.33147
-251.7945,50,65.465147
35.797203,33,65.834726
-388.54062,45,65.868288
-212.87323,38,65.966383
757.0582,100,66.032728
-147.89273,34,66.132177
-214.41006,34,66.468689
-119.01098,35,66.503762
-323.4043,48,66.504096
-46.128513,33,66.965931
-1008.53076,92,67.034614
-270.29395,37,67.067808
-28.801617,33,67.618833
-122.496254,37,67.786521
-364.4483,45,68.064272
-356.9739,59,68.166196
-25.60904,33,68.201787
-375.48575,51,68.804451
-111.61549,33,68.804837
-218.52263,51,68.936794
-448.0771,100,68.97007
-276.74225,37,69.190083
-81.14698,33,69.45588
-288.7215,38,69.489004
953.4389,100,69.520968
-47.73997,100,69.593214
-249.95715,35,70.061838
-136.33417,33,70.09854
-224.2493,40,70.235757
27.645721,58,70.268504
-227.76382,39,70.529738
-30.217224,35,70.754596
-365.43213,62,71.156747
-146.3093,38,71.44084
-388.66837,57,71.577557
-326.4858,47,71.739788
-296.02762,39,71.964845
-168.95209,38,72.136251
-197.29074,35,72.448215
-430.09262,61,72.48219
-107.49564,33,72.944357
-949.67,98,72.981619
-494.20218,100,73.023575
-342.92523,47,73.305315
77.90364,46,73.592774
-178.23598,34,73.689922
649.9453,100,73.825708
-300.03827,46,74.069641
-185.54636,36,74.237847
129.1694,33,74.445351
-201.65536,36,74.878827
423.2285,100,75.052365
2.4481049,36,75.362904
-936.30035,92,75.398174
-32.87388,38,75.611994
-687.9911,78,75.712667
-898.7561,87,76.109607
-348.56876,41,76.489021
-18.193962,36,76.631965
80.797005,33,76.779449
-452.51743,92,77.172595
-278.9261,100,77.371121
28.9549,37,77.935572
63.861694,100,78.147655
-960.6155,95,78.36843
80.04238,33,78.40729
-384.68765,53,78.891869
-491.00992,74,78.965775
754.05707,100,79.171945
-62.443264,33,79.206161
1173.7235,100,79.49509
-133.64917,38,79.83006
669.053,100,80.392228
-355.0189,45,80.466505
-136.47818,34,80.671619
-8.031052,50,80.927615
942.66437,100,80.998177
1295.1824,100,81.784
988.45465,100,82.008566
-299.28778,50,82.190141
1291.602,100,82.533922
343.84146,100,82.800427
-537.27515,62,83.200165
102.67125,33,83.235435
-4.244948,100,83.471539
-298.09433,91,84.255689
47.145298,100,84.394418
62.90927,53,84.428104
-276.63702,44,84.738748
32.700108,36,84.854226
-987.5863,100,85.026602
-306.05066,38,85.240192
57.640823,33,85.691417
754.7794,100,85.837344
-489.6209,71,86.209324
-181.6368,34,86.483498
-267.814,41,86.563584
418.65332,100,86.599934
-105.123764,33,87.479154
-873.8835,89,87.730733
-439.33826,85,88.00414
24.170397,100,88.335938
-779.76373,75,88.619113
1140.1187,100,88.734777
-729.40753,75,88.77256
42.72666,33,88.807542
-227.99521,61,88.875594
-417.965,59,88.908864
-509.28986,72,89.360271
-230.3291,36,89.652674
-286.49503,36,89.992035
-160.88287,33,90.025905
-77.43829,33,90.060893
-371.63348,47,90.275921
-197.2684,35,90.647946
-439.67822,61,91.095554
-165.24022,33,91.341886
-64.77061,34,91.342218
-307.18433,49,91.51922
965.76794,100,91.519546
-224.1864,36,91.68789
1068.3687,100,91.754698
-925.31445,85,91.90075
-215.34639,54,92.136434
55.343895,36,92.77068
-50.35229,61,93.054398
-257.89185,42,93.253127
-63.541683,33,93.350886
-373.966,57,93.385386
-131.93076,38,93.385706
-437.03824,58,93.669343
-267.68503,37,93.706869
-445.54535,57,93.826096
-40.07128,61,94.145488
-228.00894,36,94.179202
-87.68605,33,94.313015
-68.40384,33,94.555575
-289.17383,43,94.894809
-87.48395,33,94.962445
-251.63644,46,94.9627
-235.87642,38,95.514326
-342.0626,49,95.943435
-358.4361,50,96.136477
-110.63696,34,96.174869
-528.03625,73,96.329015
143.38316,100,96.975889
-271.17682,59,97.229976
144.4783,33,97.230309
-189.63145,100,97.438423
120.80191,33,97.471129
-813.9909,85,97.763523
-293.2379,45,98.174201
-260.438,85,98.380127
60.638557,33,98.862411
-120.06703,34,98.862782
-28.69024,33,99.15766
-642.163,75,99.158024
358.55826,100,99.457303
-126.48555,34,99.498003
-487.5462,58,99.577732
-637.47015,75,99.951159
-32.46235,41,100.423763
-106.713715,37,100.575087
-519.88617,66,100.886002
64.46602,36,100.961132
-311.96716,40,100.999764
1559.5594,100,101.194187
-147.39209,35,101.314898
-112.30627,33,101.696929
-486.2869,62,101.886423
-31.649246,33,102.2306
-237.35703,38,102.463381
-193.25632,35,102.536938
-951.1487,100,102.672714
-28.05944,37,102.704811
-1071.422,100,102.963632
-130.12817,33,103.11174
-165.22562,35,103.52173
8.144257,33,103.746773
-284.6711,36,103.783403
-54.74834,33,103.895327
885.9649,100,104.365273
-507.3338,76,104.557576
-318.30872,100,104.666432
-204.5275,34,104.877153
-384.29572,49,104.87748
-28.659996,33,105.065228
-313.00287,41,105.620103
-201.95285,47,105.731051
-815.5213,80,105.868378
-184.52794,34,106.233943
85.60109,51,106.432726
-413.74112,53,106.700559
-113.42365,33,106.856653
-299.1284,49,107.006019
-110.0032,100,107.045496
-270.38342,41,107.399935
-475.08545,65,107.400271
1314.5538,100,108.573524
-4.078411,36,108.765916
-419.845,52,109.00026
-380.12463,68,109.000628
-532.9269,75,109.083292
954.29913,100,109.491063
-786.87573,81,109.723698
-531.2129,82,109.887937
-549.2163,86,110.187331
-276.1026,48,110.340305
-405.30246,46,110.439594
-165.3373,39,110.473616
-307.5053,45,110.614272
101.8269,33,110.646922
-154.7019,35,110.937658
-96.642235,33,111.041711
106.39824,100,111.042038
-7.374899,62,111.172247
-124.6583,34,111.334859
74.87545,35,111.494912
-212.73056,38,111.731266
-308.79135,38,111.971013
-167.38747,54,112.33194
-67.33682,60,112.848134
64.047134,33,112.848244
-174.70258,56,113.176273
-477.9458,59,113.282049
-206.88211,46,113.721261
-261.516,38,113.861518
-195.18927,34,114.06933
-238.76006,40,114.276047
-707.3207,78,114.276368
92.83249,33,114.450404
19.597378,37,114.483877
856.78033,100,114.618263
1409.1,100,114.865415
-101.015564,33,114.901607
-993.5177,100,115.399801
-50.820206,37,115.565699
-163.6466,44,115.827239
-209.14923,36,115.90096
-121.05449,33,116.078939
-48.65831,33,116.68571
-535.1185,60,116.686181
-163.67393,64,116.791254
-39.25526,37,116.964902
-40.597656,33,117.133793
-175.87915,38,117.236821
-493.53622,69,117.378649
833.43463,100,117.471891
246.31001,100,117.673537
-104.64677,34,117.873122
-486.64484,55,118.122906
-93.94444,34,118.804371
-327.6556,44,118.843134
-172.0036,38,119.194043
-162.44948,34,119.527005
-231.54802,36,120.312434
234.61328,100,120.63102
-1018.14197,92,120.631137
1241.0488,100,120.751683
541.3483,100,121.260911
656.4745,100,121.408884
-568.6843,70,121.678377
-78.93735,33,121.906754
-312.29007,41,121.907077
89.18091,100,121.940789
-272.95956,38,122.07467
-770.4496,84,122.494139
-60.977566,33,123.058542
-92.21585,33,123.201087
-93.11103,100,123.308202
-22.108976,33,123.629881
-507.5016,67,124.345724
-60.21098,33,124.34621
-545.1459,69,124.414617
955.0823,100,124.46212
825.7424,100,124.907781
-832.6826,90,124.944202
-427.7593,49,125.053535
863.4604,100,125.053896
-253.78937,57,125.467739
-227.24084,38,125.701557
-221.61205,35,126.286971
-7.3353806,38,126.38376
-224.38124,55,126.423511
-178.60928,34,126.800596
-138.2539,62,126.800701
38.04525,33,127.024475
-578.8395,72,127.137662
786.58545,100,127.471613
44.79924,33,127.6281
544.1356,69,127.710989
-424.21793,69,127.711318
-252.52887,38,127.747669
118.19264,33,128.317183
-169.83098,47,128.707282
-78.12604,33,128.88794
-210.20062,36,128.968779
837.23975,85,129.487329
-83.323784,34,129.521263
-510.85132,85,129.850721
-56.434418,33,129.889587
162.18011,33,130.139534
1080.9005,100,130.412265
-257.09924,48,130.620714
111.30351,33,130.688452
-174.05121,36,130.823488
770.1309,100,131.031852
691.19763,100,131.175041
-500.64746,100,131.244179
182.33089,33,131.594334
-406.6151,53,131.805172
-255.72716,44,132.27648
-210.05753,34,132.344146
-272.33063,40,132.344469
-215.57161,35,132.958108
-408.4277,61,132.991182
-572.6703,80,133.123854
-504.6956,55,133.333458
-307.74527,58,133.373172
-90.29882,33,133.542167
148.90875,100,133.660087
-189.24028,37,133.798348
-160.38156,35,134.59356
-273.95068,40,135.033236
-380.94836,46,135.336863
-410.40045,63,135.403771
-734.834,83,135.55024
1026.1642,100,135.680029
25.12117,36,135.916306
-171.64244,58,135.916632
-68.436676,33,136.526914
-142.82205,35,136.66979
665.2733,100,136.776436
-127.81578,33,137.049407
919.66504,100,137.116584
807.39813,100,137.463649
54.259583,52,137.717388
-152.8859,35,138.272319
30.671974,36,138.374954
-854.0719,100,138.551147
0.7603264,57,138.762091
-506.5436,69,139.115046
-887.6979,100,139.115126
663.3436,100,139.188099
-613.24713,76,139.188205
-188.1425,45,140.238356
-584.57043,72,140.350069
-484.45718,58,140.421239
69.39119,33,140.463599
-256.94116,38,140.537978
-287.37476,86,140.627568
-635.2111,70,140.937937
-546.6731,69,141.270123
-578.05835,63,141.370968
-111.70514,35,141.437493
-137.35942,35,141.534254
-143.58417,34,141.566576
-99.65742,34,141.60125
-119.91177,33,141.69893
-171.91171,36,141.733271
-598.4784,79,141.994104
-137.60036,34,142.45464
-50.100807,33,142.603864
-141.35378,34,142.999324
-191.81432,39,143.065834
-227.45236,62,143.165503
-527.60364,64,143.659357
-488.11636,61,143.726709
-301.69916,56,143.761148
-456.0625,63,143.842965
-3.2549343,57,144.088821
39.066788,60,144.588982
-508.40222,59,144.688308
-185.51286,52,144.819946
-133.87827,33,144.937819
-241.45538,37,145.098681
-122.97693,37,145.212318
-488.35837,63,145.248249
52.092804,36,146.01509
-286.83588,37,146.192725
131.78278,33,146.628636
-941.26324,100,147.160518
-925.54016,100,148.163671
-415.97342,67,148.347365
603.5118,100,148.924609
-564.80457,79,148.984283
204.19449,74,149.251353
-406.79892,50,149.251461
-369.6432,46,149.753837
-620.3068,73,149.930047
-289.77554,100,150.03809
-46.909,33,150.296391
-367.04266,54,150.669922
-92.7564,37,150.67025
-106.8229,33,151.058884
-506.05225,65,151.212903
-142.15561,35,151.352033
-183.84355,35,151.456111
1512.7705,100,151.491605
-598.83777,66,151.591953
-523.0413,68,151.826659
-93.568306,33,151.893948
84.25026,54,152.326848
-108.86076,33,152.46986
-229.99136,35,152.813832
80.65281,33,152.990171
-370.53433,47,153.143532
-444.58014,55,153.394482
-209.20233,35,153.608419
-789.0086,84,153.724781
-649.6311,73,153.837275
-212.61263,39,154.257426
-95.51421,33,154.641516
1197.9474,100,154.719729
45.16797,33,154.876602
-13.042804,33,154.989763
-537.6417,88,155.130794
-650.83453,72,155.17298
-229.38417,37,155.239071
-461.1953,56,155.239434
-554.96674,79,155.929824
43.26264,36,155.96329
-374.6591,47,155.99674
-248.44211,37,156.201687
-61.13093,33,156.353741
-86.55736,34,156.458578
-581.6691,67,157.148808
-84.747856,33,157.149364
-344.25092,65,157.341048
-156.82945,62,157.495116
122.39592,33,157.565842
-282.88498,46,157.600578
-332.89874,44,157.600943
-361.01093,44,157.813641
-387.33212,52,158.335014
-196.54909,35,158.406511
-957.6614,92,158.454375
-128.99252,34,158.575448
-110.10071,33,158.769927
43.900818,36,158.900403
-70.933136,48,158.90077
-103.779884,34,159.791575
63.15731,33,159.950631
-367.08566,45,160.069791
-737.00476,73,160.150263
-233.96387,37,160.264851
-458.25107,53,160.428676
-515.5735,75,160.578938
-91.18724,33,161.197094
802.7625,100,161.281168
-659.9434,65,161.321556
38.520157,36,161.43716
772.3276,100,161.976501
-360.99164,46,162.037919
-234.52248,35,162.342293
-110.324715,34,162.549845
-226.95338,47,162.97648
-1085.7278,100,163.470195
-984.7671,92,163.488842
-956.0551,100,163.911935
-186.96048,36,163.945378
-1.9152579,56,164.047809
-313.82697,100,164.189882
-667.5055,73,164.768479
72.31807,36,164.80228
-1090.7644,100,164.919057
-43.292862,33,165.186153
-98.05046,33,165.329049
-280.5779,37,165.372072
-852.28174,87,165.704233
-579.0961,73,165.737661
-376.1094,50,166.102795
-227.7421,37,166.16941
-87.213356,33,166.371434
-194.30925,35,166.579189
-208.49878,49,166.618138
-229.6999,35,166.618506
-972.4186,92,166.882301
-525.8476,62,167.140682
-243.34851,38,167.431475
-23.45059,33,167.464156
-229.80595,43,167.532583
-33.524696,37,167.79191
378.73993,68,168.025226
-151.44357,38,168.12219
-82.597824,33,168.227692
-197.13023,35,168.670323
-613.7826,71,169.036661
-1088.4718,100,169.138937
-806.8276,81,169.388768
107.350586,33,169.892369
-38.08108,33,170.40828
-606.5543,67,170.914068
1185.3541,100,171.269725
-290.1779,100,171.381922
-85.000465,37,171.491184
565.7129,100,171.653647
664.3967,100,171.850065
47.09623,100,172.002241
-489.94815,66,172.021744
-168.63208,35,172.117062
-12.636484,33,172.363871
-292.7431,38,173.104662
431.8554,100,173.10477
-103.262535,34,173.346169
-144.5181,35,173.574364
97.74248,63,173.636379
-105.05622,33,173.895865
-533.4638,51,174.018637
1061.2443,100,174.178889
-33.632298,33,174.330327
-168.06256,38,174.558063
-397.55988,82,175.12611
-207.71695,36,175.302451
1072.537,100,175.339885
-180.16107,36,175.445326
-163.1218,35,175.624676
-204.7895,35,175.90304
-424.5794,59,175.903372
-607.3417,65,176.046489
-552.07214,80,176.343508
-455.7896,55,176.409632
50.91938,33,176.574945
-304.3237,43,176.80212
-220.60185,40,177.00861
-235.80705,46,177.524959
-215.00688,46,178.505732
-396.41916,55,178.585635
-1028.8721,100,178.701457
-216.73792,36,178.851997
98.84317,100,178.88828
682.2948,69,178.924547
-1037.6277,100,179.560647
-1001.1543,100,179.700291
643.1592,100,180.041996
-272.51312,42,180.119299
-253.65633,38,180.345399
763.2932,100,180.762474
-445.1563,57,181.042275
109.827835,33,181.305995
-712.20593,73,181.502765
-196.66002,38,181.581036
-114.68217,33,181.618875
44.929832,33,182.045903
-1035.4443,100,182.436735
311.15433,100,182.78005
-44.763916,33,182.892356
45.86152,36,182.970375
412.25034,100,183.381949
67.226166,100,183.524188
-228.152,46,183.764983
-586.6886,77,183.939486
-445.24347,67,184.017328
-95.061516,33,184.16371
-359.67023,49,184.231745
81.05856,36,184.635789
82.83614,33,184.66977
101.90738,33,184.913314
-503.7857,58,184.95106
-1047.7109,100,184.98466
-459.3706,73,185.358286
-30.169922,33,185.805124
-461.12607,58,186.177037
-557.92365,64,186.255974
-241.9377,42,186.489153
-761.34656,79,186.822035
46.37243,33,187.091568
-669.76276,72,187.274468
-190.37033,38,187.638922
-254.47005,63,187.706231
-150.40587,38,187.706553
-206.58327,100,187.849688
311.6806,100,188.543592
-21.16157,100,188.579711
-87.40282,55,188.750366
-186.5637,48,189.403728
-475.0361,55,189.664844
-591.04065,76,189.807781
732.4478,100,190.137566
-250.84663,46,190.252356
-1343.7874,100,190.848758
-60.13336,33,190.849252
-961.2066,90,191.065346
-107.41283,100,191.205196
-669.1903,74,191.416405
82.45409,33,191.98193
-1039.7756,100,192.087784
22.699284,36,192.088103
54.0141,36,192.31068
-126.86765,34,192.380229
-598.75757,66,192.562882
-969.30927,90,192.599184
-335.8101,86,193.190826
67.91568,33,193.191359
-381.72656,52,193.264622
1010.47375,100,193.378617
-120.336334,33,193.524823
26.677143,36,193.700479
-97.21404,33,193.771408
39.17726,33,194.430017
-98.90591,33,194.539228
-561.7893,69,195.106219
-208.27455,38,195.140814
-1080.4851,97,195.626669
-276.57095,100,195.73094
-53.342724,33,195.76784
-20.216003,37,195.810843
-8.624054,58,195.811165
66.38657,35,196.44075
-978.0945,88,196.440856
-185.42348,34,196.440879
-37.482155,100,196.877176
98.98653,33,197.060507
-204.20361,35,197.060871
-307.491,42,197.202475
259.26022,100,197.202842
61.852654,43,197.418863
-151.46631,50,197.633815
124.470825,33,197.633922
-57.542057,37,197.77402
-332.48975,42,197.957379
-99.75853,33,198.067292
-187.50041,35,198.344579
-121.07663,33,198.422336
83.73442,33,198.64108
-229.1817,36,198.981313
8.918667,33,199.019386
-116.97663,58,199.800383
-379.0064,47,199.849505
-120.69693,33,199.899794
17.24657,33,200.227517
-153.54758,33,200.261389
-162.68901,56,200.431192
-544.4798,67,200.46478
-234.11942,100,200.728772
612.762,100,200.861105
-252.25658,36,201.063962
-186.81853,35,201.637876
530.4032,100,201.98693
-117.21797,53,202.242577
-353.2787,45,202.278099
-280.68396,39,203.051937
194.70752,100,203.380896
394.45804,100,203.417649
361.4048,100,203.73107
724.7229,100,203.765874
-523.31067,76,203.766205
-363.25543,44,203.832295
422.28253,100,204.378504
-173.41724,34,204.552812
-181.37735,38,204.72843
-114.74971,33,204.876163
-300.52716,41,205.199606
-322.21646,45,205.481859
-176.38208,100,205.635871
22.705677,36,205.753685
-592.2872,76,205.827658
618.30853,100,205.93428
-175.21806,34,206.037157
-207.9897,38,206.313721
-68.07739,33,206.451961
-63.45886,33,206.661551
-304.30002,39,207.0234
-290.49182,38,207.096204
83.02088,33,207.201111
857.57196,100,207.377598
-810.1752,82,207.556446
-235.84985,37,207.969987
-493.37418,59,208.004666
-166.3438,34,208.392044
-499.23404,59,208.530991
-578.8475,78,208.569683
-163.86533,38,208.872786
-64.60315,33,209.111134
3.1052704,36,209.25744
-546.1454,65,209.644078
101.373085,100,209.821147
-352.76727,45,209.974239
-931.2346,90,210.210823
-47.59803,37,210.21119
824.6944,100,210.688942
-63.294353,33,210.883396
-604.69275,73,211.187889
-11.692751,58,211.376732
-544.4004,62,211.377056
-327.66916,44,211.448377
-174.98584,38,211.580821
64.4217,33,211.815365
-185.9138,100,212.088211
30.306007,36,212.623074
-281.7939,38,212.775682
-192.55531,61,213.021492
-123.943405,53,213.056633
-62.59636,45,213.40559
-433.36966,54,213.473769
798.4193,100,213.542251
-387.3907,100,213.740624
-25.17098,33,213.905076
-230.01302,36,214.271488
-199.47734,38,214.303859
-920.52905,88,214.407164
-241.64268,38,214.763813
-118.745125,33,214.868244
-468.75677,85,215.034029
95.85394,33,215.44225
-173.25455,35,215.476815
58.79815,33,215.544937
44.415047,33,215.991488
837.1086,100,216.085569
-274.80023,40,216.472174
-102.44019,33,216.709967
-748.67633,79,216.710334
-97.51625,37,216.828613
-11.948264,37,216.945443
872.1654,100,216.945818
-120.695335,100,217.095237
-608.1548,70,217.329668
-69.83859,33,217.365849
-67.066216,37,217.87464
-192.86316,35,218.214313
-54.82201,37,218.478943
-81.40925,34,218.515235
-117.748665,33,218.802745
-24.728584,33,219.676907
-600.5146,71,219.677444
-40.877914,37,220.003519
-56.95154,37,220.040633
-590.16766,81,220.040996
-249.68327,100,220.079854
-541.6343,79,220.187258
-28.796232,76,220.437835
-607.06525,72,220.851731
-185.87048,34,220.919099
-208.02708,35,220.952532
-118.02584,33,221.194517
-126.11493,34,221.262861
-133.80045,37,221.365688
-210.13841,34,221.40125
86.18525,33,221.601772
41.28289,46,221.698411
-1124.0425,100,222.505416
-347.01465,45,222.544626
-171.10538,34,222.580469
-229.27089,36,222.698324
-412.05917,50,222.698649
-268.0373,37,222.958244
-256.01526,37,223.826378
-50.96782,33,223.862122
-784.09503,77,223.944358
-208.24652,38,224.306611
1103.3771,100,224.411553
-348.55124,100,224.870687
-1026.7498,100,225.369076
-677.6663,73,225.369185
-275.0178,40,225.369207
-90.237465,33,225.682761
402.6102,100,226.223922
922.3027,100,226.260526
-107.587494,33,226.602689
94.80554,33,226.603021
-267.50003,38,226.783872
119.54065,33,226.893935
-564.86035,83,227.408226
517.8895,100,227.550598
-1108.1147,100,227.663052
-95.95909,33,227.806188
-222.61237,35,227.880409
-348.70258,59,228.419878
375.3296,100,228.568979
-183.84285,38,229.074674
-531.2671,64,229.259308
-298.45786,39,229.259641
-536.8035,73,229.477705
91.530685,33,229.651027
-1022.904,100,229.899905
-43.018036,37,229.935398
-495.14844,60,230.082447
-135.64082,33,230.260594
43.15547,33,230.654479
-353.94223,48,230.981401
581.365,100,231.059386
-146.24739,100,231.202437
-227.8033,36,231.372731
-494.75134,58,231.733491
-459.80518,58,231.988337
-166.00693,38,232.027663
-67.14091,33,232.16581
-875.2351,86,232.351903
113.34448,33,232.388587
-115.62594,33,232.582438
-812.28094,78,232.758056
-180.51068,35,233.012873
-300.10196,42,233.521138
855.76245,100,233.878095
-151.55658,34,233.990721
-381.0345,51,234.028228
-88.16385,33,234.225335
-408.89902,100,234.722332
-537.7865,63,234.722698
-162.60463,38,234.957488
506.21014,75,235.14119
-248.62437,42,235.612522
-338.00815,44,235.652073
241.2772,100,235.726182
-234.82774,39,236.143367
778.44867,100,236.250056
-249.88074,44,236.611233
-113.50231,33,236.905402
-299.7726,38,237.166849
-334.8381,47,237.373747
-208.88821,38,237.58285
797.34705,100,237.62273
-145.90924,34,237.867311
803.2348,100,237.985814
-612.68713,83,238.256377
-67.4626,33,238.418632
-503.493,100,238.493382
-452.9616,60,238.569677
-199.20592,38,239.051679
59.363792,35,239.34426
-382.98883,50,239.575728
